Type,Name,Request Count,Failure Count,Median Response Time,Average Response Time,Min Response Time,Max Response Time,Average Content Size,Requests/s,Failures/s,50%,66%,75%,80%,90%,95%,98%,99%,99.9%,99.99%,100%
GET,GET /chat/sessions,102,0,20,25.257006074146677,14.915500010829419,298.5747919883579,44.0,0.8527579454254379,0.0,20,21,22,22,25,35,54,190,300,300,300
GET,GET /drugs/search,200,200,1700,2285.06452644564,144.35008401051164,8473.104874952696,105.0,1.6720744027949763,1.6720744027949763,1700,2800,3800,4500,5700,7100,7900,8200,8500,8500,8500
GET,GET /feedbacks/summary,70,0,18,34.4955340002863,14.539416995830834,480.87120801210403,155.0,0.5852260409782417,0.0,18,19,20,21,26,88,460,480,480,480,480
GET,GET /guides/{id},163,163,19,26.27823468150594,14.223708945792168,556.9729169947095,57.0,1.3627406382779057,1.3627406382779057,19,20,21,22,24,28,57,510,560,560,560
GET,GET /health-profile,132,132,19,29.02796685388735,13.785374991130084,590.5302920145914,46.0,1.1035691058446844,1.1035691058446844,19,20,21,21,28,72,180,230,590,590,590
GET,GET /notifications,79,0,20,21.954884468224137,15.049666981212795,141.83804095955566,29.0,0.6604693891040156,0.0,20,21,22,23,24,30,36,140,140,140,140
GET,GET /records/{id},161,161,19,20.887801004284473,14.364917005877942,128.59054101863876,47.0,1.346019894249956,1.346019894249956,19,20,21,22,24,28,40,70,130,130,130
POST,POST /auth/login,20,0,600,597.8953811456449,326.79841603385285,652.4800410261378,508.0,0.16720744027949763,0.0,600,610,640,650,650,650,650,650,650,650,650
,Aggregated,927,656,20,525.5384364877044,13.785374991130084,8473.104874952696,77.36677454153183,7.750064856954715,5.484404041167522,20,23,130,180,2000,4000,6000,7100,8500,8500,8500
